{
    "advanced_features_audio_before_rms": 0.11446241289377213,
    "advanced_features_audio_before_zcr": 0.06661481463477303,
    "advanced_features_audio_before_centroid": 487.6378110978837,
    "advanced_features_audio_after_rms": 0.11300456715882985,
    "advanced_features_audio_after_zcr": 0.06878571900642463,
    "advanced_features_audio_after_centroid": 421.44403185007246,
    "advanced_features_audio_coeff_norm": 0.9999999999999999,
    "advanced_features_image_coeff_norm": 0.9999999999999999,
    "advanced_features_image_gabor_mean": 3093.853271484375,
    "advanced_features_image_gabor_std": 4089.53515625,
    "advanced_features_image_fft_mean": 2174.874541981537,
    "advanced_features_image_fft_std": 60054.24403592671,
    "advanced_features_image_edge_mean": 0.022210286930203438,
    "advanced_features_image_edge_std": 0.14736686646938324,
    "advanced_features_image_lap_mean": -0.0004557291666666667,
    "advanced_features_image_lap_std": 8.85087829920347
}