{
    "audio_before": {
        "rms": 0.10823584347963333,
        "zcr": 0.02869107184399946,
        "centroid": 282.29364392673193
    },
    "audio_after": {
        "rms": 0.1073521910615406,
        "zcr": 0.03422763464087072,
        "centroid": 279.0722634149605
    },
    "img_mean": 147.92404947916665,
    "img_edge_ratio": 0.052096354166666664,
    "coeffs_loaded": false,
    "use_files": false
}